{"cameraMode":{"drawMode":0,"name":"Shaded","section":"Shading Mode"},"sceneLighting":false,"audioPlay":false,"sceneViewState":{"showFog":true,"showMaterialUpdate":false,"showSkybox":false,"showFlares":true,"showImageEffects":true,"showParticleSystems":true},"in2DMode":false,"pivot":{"x":0.05799293518066406,"y":1.520916223526001,"z":-25.361434936523439},"rotation":{"x":0.0510154627263546,"y":0.9491540789604187,"z":-0.19190914928913117,"w":0.24604086577892304},"size":2.107710838317871,"orthographic":false}