{"cameraMode":{"drawMode":0,"name":"Shaded","section":"Shading Mode"},"sceneLighting":false,"audioPlay":false,"sceneViewState":{"showFog":true,"showMaterialUpdate":false,"showSkybox":false,"showFlares":true,"showImageEffects":true,"showParticleSystems":true},"in2DMode":false,"pivot":{"x":-30.480825424194337,"y":36.144927978515628,"z":-12.268932342529297},"rotation":{"x":0.0510154627263546,"y":0.9491540789604187,"z":-0.19190914928913117,"w":0.24604086577892304},"size":2.300625801086426,"orthographic":false}