{"cameraMode":{"drawMode":0,"name":"Shaded","section":"Shading Mode"},"sceneLighting":false,"audioPlay":false,"sceneViewState":{"showFog":true,"showMaterialUpdate":true,"showSkybox":false,"showFlares":true,"showImageEffects":true,"showParticleSystems":true},"in2DMode":false,"pivot":{"x":-43.68000030517578,"y":8.202528953552246,"z":-34.55072021484375},"rotation":{"x":-0.03563098981976509,"y":-0.9857913255691528,"z":-0.034549281001091,"w":0.17037244141101838},"size":1.4208699464797974,"orthographic":false}